[
    {
        "id": 1,
        "title": "FullStack Django",
        "tags": ["Web Development", "Python", "JavaScript"],
        "content": "Lorem ipsum dolor sit amet, consectetur adipiscing elit. Sed ac quam vel lacus fringilla interdum. Quisque in aliquet justo. Fusce in vestibulum libero. Proin in nunc nec arcu fermentum cursus. Vivamus ut cursus erat. Proin eget nisi justo. Etiam rhoncus mauris vitae ultrices fringilla. Integer id varius nunc. Curabitur nec ligula vel odio accumsan vehicula. Duis nec orci et odio luctus accumsan eget vel libero. Nunc interdum, quam a cursus tristique, dui tortor finibus libero, eu ultrices lectus nunc vel felis."
    },
    {
        "id": 2,
        "title": "FullStack Django",
        "tags": ["Web Development", "Python", "JavaScript"],
        "content": "Fusce dapibus justo ut justo tempor, nec auctor sapien accumsan. Nullam vel quam purus. Nam vel lacus libero. Maecenas sit amet odio eu tortor mattis feugiat. Aenean laoreet leo non nunc facilisis, vel commodo quam vulputate. Suspendisse potenti. Ut vel lectus nec neque commodo imperdiet. Maecenas fermentum vel justo vitae iaculis. Ut vitae mauris elit. Pellentesque habitant morbi tristique senectus et netus et malesuada fames ac turpis egestas."
    },
    {
        "id": 3,
        "title": "FullStack Django",
        "tags": ["Web Development", "Python", "JavaScript"],
        "content": "Suspendisse potenti. Mauris vehicula aliquet eros, in tincidunt arcu eleifend eu. Pellentesque habitant morbi tristique senectus et netus et malesuada fames ac turpis egestas. In hac habitasse platea dictumst. Sed id efficitur ipsum, nec cursus dolor. Nullam tristique sollicitudin felis, ut congue justo facilisis vel. Suspendisse potenti. Praesent volutpat ultricies ultrices. Donec accumsan eget ante vel commodo. Duis vehicula orci sit amet ligula malesuada, vitae hendrerit sem scelerisque. Curabitur id semper odio, et tempus nunc. Sed euismod justo id nunc laoreet, vel ullamcorper urna gravida. Phasellus interdum magna a nulla ultrices, a rhoncus nisl finibus."
    }
]